<mainTxtBox>
	<page lg="EN" no="1">
		<title><font size="22" color="#999999"><b>Welcome</b></font></title>
		<txt>This sample movie shows how to display xml contents in a textField with flash 5. Note that the TextBox.xml file has to be in the same directory as the .swf file and the start.html file.
		</txt>
	</page>
	<page lg="EN" no="2">
		<title><font size="22" color="#999999"><b>Menu</b></font></title>
		<txt>Note: clicking the links below should open a new window, give it the focus after 0.5 second !!!
			<font color="#999999"><u><a href="javascript:openWin('http://www.sourcingparts.com','Sourcingparts');void(0)">Sourcingparts, B2B marketplace</a></u></font>	
			<font color="#999999"><u><a href="javascript:openWin('http://www.phresh.de','Phresh');void(0)">Phresh flash</a></u></font>
		</txt>
	</page>	
	<page lg="EN" no="3">
		<title><font size="22" color="#999999"><b>About this flash movie</b></font></title>
		<txt>Informations displayed in this movie are dynamically loaded from XML data.
		This movie is in construction and may not work correctly with Netscape or old IE browsers.
		</txt>
	</page>
	<page lg="FR" no="1">
		<title><font size="22" color="#999999"><b>Bienvenue</b></font></title>
		<txt>[pas de version francaise pour l'instant]</txt>
	</page>
	<page lg="FR" no="2">
		<title><font size="22" color="#999999"><b>Menu</b></font></title>
		<txt>
			<font color="#999999"><u><a href="javascript:openWin('http://www.sourcingparts.com','Sourcingparts');void(0)">Sourcingparts, B2B marketplace</a></u></font>	
			<font color="#999999"><u><a href="javascript:openWin('http://www.phresh.de','Phresh');void(0)">Phresh flash</a></u></font>
		</txt>
	</page>
	<page lg="FR" no="3">
		<title><font size="22" color="#999999"><b>A propos de ce movie</b></font></title>
		<txt>[pas de version francaise pour l'instant]</txt>
	</page>
</mainTxtBox>